date;num_dtp;num_death;num_hurt;num_dtp_mat_usherb;num_violation_pdd;num_drunk;num_speeding;link
2015-03-12;10;0;11;211;8690;52;7308;http://www.gibdd.ru/r/52/accident/1434762/
2015-03-05;16;0;21;330;8636;60;7174;http://www.gibdd.ru/r/52/accident/1423384/
2015-03-04;12;1;27;260;8950;52;7343;http://www.gibdd.ru/r/52/accident/1420923/
2015-02-28;5;2;6;221;10748;50;9156;http://www.gibdd.ru/r/52/accident/1416195/
2015-02-27;6;1;7;221;10780;50;9156;http://www.gibdd.ru/r/52/accident/1414423/
2015-02-26;7;1;6;258;8491;58;6995;http://www.gibdd.ru/r/52/accident/1412937/
2015-02-25;8;2;8;252;6596;53;5202;http://www.gibdd.ru/r/52/accident/1411048/
2015-02-23;8;0;9;149;3304;102;2050;http://www.gibdd.ru/r/52/accident/1407397/
2015-02-22;9;1;13;195;3179;100;1824;http://www.gibdd.ru/r/52/accident/1407388/
2015-02-21;9;0;12;251;4497;80;3139;http://www.gibdd.ru/r/52/accident/1405559/
2015-02-20;13;1;16;290;3880;65;2618;http://www.gibdd.ru/r/52/accident/1405558/
2015-02-19;7;1;13;282;2750;50;1429;http://www.gibdd.ru/r/52/accident/1403678/
2015-02-18;10;0;10;309;3256;53;1680;http://www.gibdd.ru/r/52/accident/1402130/
2015-02-17;7;0;9;277;2598;53;1142;http://www.gibdd.ru/r/52/accident/1400394/
2015-02-16;6;0;6;268;2402;77;1018;http://www.gibdd.ru/r/52/accident/1398926/
2015-02-15;10;0;14;203;2688;96;1422;http://www.gibdd.ru/r/52/accident/1397298/
2015-02-14;11;1;10;139;2552;82;1188;http://www.gibdd.ru/r/52/accident/1396514/
2015-02-13;17;2;18;186;2932;66;1618;http://www.gibdd.ru/r/52/accident/1394574/
2015-02-12;3;0;3;217;3000;50;1293;http://www.gibdd.ru/r/52/accident/1394101/
2015-02-11;5;0;5;328;2398;50;875;http://www.gibdd.ru/r/52/accident/1392429/
2015-02-10;8;0;14;368;2209;41;769;http://www.gibdd.ru/r/52/accident/1390363/
2015-02-09;11;0;17;186;2719;65;1400;http://www.gibdd.ru/r/52/accident/1387758/
2015-02-08;14;3;23;266;2256;77;1051;http://www.gibdd.ru/r/52/accident/1385554/
2015-02-07;12;4;16;454;1476;72;185;http://www.gibdd.ru/r/52/accident/1385542/
2015-02-06;7;1;6;439;1915;50;553;http://www.gibdd.ru/r/52/accident/1385524/
2015-02-04;9;0;9;187;2276;41;1081;http://www.gibdd.ru/r/52/accident/1378058/
2015-02-03;7;1;7;196;2094;40;845;http://www.gibdd.ru/r/52/accident/1375320/
2015-01-29;11;4;9;298;2894;58;1473;http://www.gibdd.ru/r/52/accident/1366540/
2015-01-28;21;5;23;325;2839;53;1400;http://www.gibdd.ru/r/52/accident/1363780/
2015-01-25;9;0;10;256;1412;82;141;http://www.gibdd.ru/r/52/accident/1356048/
2015-01-19;11;1;13;214;3346;82;1767;http://www.gibdd.ru/r/52/accident/1344512/
2015-01-16;15;2;15;313;2222;54;900;http://www.gibdd.ru/r/52/accident/1339806/
2015-01-15;17;0;18;273;2450;50;1036;http://www.gibdd.ru/r/52/accident/1337150/
2015-01-12;18;1;21;320;1735;50;503;http://www.gibdd.ru/r/52/accident/1328701/
2015-01-11;11;3;12;171;1408;72;303;http://www.gibdd.ru/r/52/accident/1328699/
2015-01-10;20;2;45;239;1379;59;245;http://www.gibdd.ru/r/52/accident/1328698/
2015-01-06;7;3;6;207;1425;51;235;http://www.gibdd.ru/r/52/accident/1321379/
2015-01-03;5;0;7;171;1749;92;693;http://www.gibdd.ru/r/52/accident/1318995/
2015-01-02;24;4;47;156;1352;81;468;http://www.gibdd.ru/r/52/accident/1317925/
2015-01-01;22;4;25;103;755;71;179;http://www.gibdd.ru/r/52/accident/1317233/
2014-12-31;9;1;9;312;1059;38;235;http://www.gibdd.ru/r/52/accident/1317230/
2014-12-30;11;0;17;417;1235;44;219;http://www.gibdd.ru/r/52/accident/1315899/
2014-12-29;16;1;23;433;1396;35;416;http://www.gibdd.ru/r/52/accident/1313589/
2014-12-28;15;2;24;260;1449;69;410;http://www.gibdd.ru/r/52/accident/1312471/
2014-12-27;21;1;21;313;1382;72;277;http://www.gibdd.ru/r/52/accident/1312467/
2014-12-26;19;3;25;279;1371;56;228;http://www.gibdd.ru/r/52/accident/1312465/
2014-12-25;13;1;12;395;1473;55;239;http://www.gibdd.ru/r/52/accident/1308153/
2014-12-23;21;3;24;373;1428;34;188;http://www.gibdd.ru/r/52/accident/1304301/
2014-12-21;12;12;16;156;2366;69;1219;http://www.gibdd.ru/r/52/accident/1300450/
2014-12-20;17;6;16;284;1782;64;596;http://www.gibdd.ru/r/52/accident/1300449/
2014-12-19;15;3;18;277;1747;53;533;http://www.gibdd.ru/r/52/accident/1300448/
2014-12-18;22;4;24;255;2101;43;686;http://www.gibdd.ru/r/52/accident/1296294/
2014-12-14;20;4;21;191;2091;93;821;http://www.gibdd.ru/r/52/accident/1288094/
2014-12-13;18;0;23;202;1643;65;348;http://www.gibdd.ru/r/52/accident/1288090/
2014-12-12;24;1;29;385;1415;49;152;http://www.gibdd.ru/r/52/accident/1288088/
2014-12-11;11;3;19;303;1747;41;399;http://www.gibdd.ru/r/52/accident/1283661/
2014-12-10;25;6;33;301;1631;42;271;http://www.gibdd.ru/r/52/accident/1280930/
2014-12-09;26;1;30;341;1578;43;212;http://www.gibdd.ru/r/52/accident/1278873/
2014-12-08;12;1;16;232;1829;53;477;http://www.gibdd.ru/r/52/accident/1277175/
2014-12-07;9;0;15;208;1790;106;453;http://www.gibdd.ru/r/52/accident/1274592/
2014-12-06;15;1;19;215;1620;85;313;http://www.gibdd.ru/r/52/accident/1274587/
2014-12-05;11;0;11;278;1730;44;357;http://www.gibdd.ru/r/52/accident/1274585/
2014-12-04;18;3;20;292;1542;41;217;http://www.gibdd.ru/r/52/accident/1270164/
2014-12-03;16;0;19;283;1626;43;283;http://www.gibdd.ru/r/52/accident/1267929/
2014-12-02;14;0;18;271;1923;38;477;http://www.gibdd.ru/r/52/accident/1263981/
2014-12-01;17;3;19;258;2102;57;710;http://www.gibdd.ru/r/52/accident/1261102/
2014-11-29;14;3;16;185;1761;19;501;http://www.gibdd.ru/r/52/accident/1256245/
2014-11-28;20;3;25;240;1871;59;502;http://www.gibdd.ru/r/52/accident/1256243/
2014-11-26;26;2;31;330;2065;36;762;http://www.gibdd.ru/r/52/accident/1249005/
2014-11-03;14;2;21;141;2182;95;869;http://www.gibdd.ru/r/52/accident/1186047/
2014-11-02;9;0;15;181;1328;106;196;http://www.gibdd.ru/r/52/accident/1186043/
2014-11-01;16;2;18;249;1950;91;634;http://www.gibdd.ru/r/52/accident/1186031/
2014-10-31;11;2;14;280;2585;48;1430;http://www.gibdd.ru/r/52/accident/1182092/
2014-10-16;28;2;34;332;2328;47;998;http://www.gibdd.ru/r/52/accident/1138846/
2014-10-10;23;3;28;292;3476;54;2260;http://www.gibdd.ru/r/52/accident/1122842/
2014-10-07;14;1;15;239;5741;51;4368;http://www.gibdd.ru/r/52/accident/1113739/
2014-10-06;11;1;15;294;6436;59;5178;http://www.gibdd.ru/r/52/accident/1110284/
2014-10-05;18;2;24;209;3410;84;2243;http://www.gibdd.ru/r/52/accident/1107397/
2014-10-04;19;0;21;238;3674;73;3674;http://www.gibdd.ru/r/52/accident/1107377/
2014-10-03;18;1;21;272;4113;55;2840;http://www.gibdd.ru/r/52/accident/1107352/
2014-10-02;17;2;17;275;6574;34;5234;http://www.gibdd.ru/r/52/accident/1100765/
2014-10-01;21;1;20;279;9425;46;8140;http://www.gibdd.ru/r/52/accident/1096844/
2014-09-30;28;2;35;306;9618;47;8306;http://www.gibdd.ru/r/52/accident/1093162/
2014-09-29;15;1;16;255;9701;67;8345;http://www.gibdd.ru/r/52/accident/1089494/
2014-09-28;25;1;41;198;6409;89;5222;http://www.gibdd.ru/r/52/accident/1086460/
2014-09-27;16;9;16;217;3941;75;2788;http://www.gibdd.ru/r/52/accident/1084374/
2014-09-26;22;7;25;299;3767;54;2453;http://www.gibdd.ru/r/52/accident/1084370/
2014-09-25;16;2;14;271;5723;53;3397;http://www.gibdd.ru/r/52/accident/1080305/
2014-09-24;19;3;17;284;2915;44;1735;http://www.gibdd.ru/r/52/accident/1076955/
2014-09-23;15;1;14;247;3666;51;2418;http://www.gibdd.ru/r/52/accident/1073152/
2014-09-22;22;0;25;282;4706;64;3580;http://www.gibdd.ru/r/52/accident/1069462/
2014-09-21;25;3;28;239;4996;95;3858;http://www.gibdd.ru/r/52/accident/1065898/
2014-09-20;25;4;32;242;3445;56;1502;http://www.gibdd.ru/r/52/accident/1064307/
2014-09-19;20;0;27;269;2840;40;1694;http://www.gibdd.ru/r/52/accident/1064306/
2014-09-15;14;1;20;292;4675;59;3208;http://www.gibdd.ru/r/52/accident/1050434/
2014-09-11;9;1;8;259;6010;50;4071;http://www.gibdd.ru/r/52/accident/1042105/
2014-09-10;10;0;12;286;7038;47;5646;http://www.gibdd.ru/r/52/accident/1038642/
2014-09-09;18;1;23;271;7717;44;6152;http://www.gibdd.ru/r/52/accident/1034861/
2014-09-02;22;2;26;272;7734;45;6317;http://www.gibdd.ru/r/52/accident/1013931/
2014-09-01;22;0;25;270;7651;59;6041;http://www.gibdd.ru/r/52/accident/1010104/
2014-08-31;18;3;17;177;5649;89;4260;http://www.gibdd.ru/r/52/accident/1006904/
2014-08-30;17;2;17;228;5369;93;3868;http://www.gibdd.ru/r/52/accident/1005539/
2014-08-29;22;3;25;288;7634;51;6075;http://www.gibdd.ru/r/52/accident/1005538/
2014-08-26;15;0;21;273;7907;45;6437;http://www.gibdd.ru/r/52/accident/994713/
2014-08-24;24;3;31;184;5730;107;4176;http://www.gibdd.ru/r/52/accident/987486/
2014-08-23;14;2;23;193;5586;90;4359;http://www.gibdd.ru/r/52/accident/987478/
2014-08-22;26;2;27;326;7111;57;5603;http://www.gibdd.ru/r/52/accident/987471/
2014-08-21;22;2;23;170;7461;52;5551;http://www.gibdd.ru/r/52/accident/981837/
2014-08-19;11;0;11;238;7859;51;6382;http://www.gibdd.ru/r/52/accident/974010/
2014-08-14;19;3;18;278;7775;44;6168;http://www.gibdd.ru/r/52/accident/960250/
2014-08-13;18;3;21;290;9255;60;7616;http://www.gibdd.ru/r/52/accident/956239/
2014-08-12;16;2;15;205;7610;50;6345;http://www.gibdd.ru/r/52/accident/952879/
2014-08-11;22;1;29;238;7835;78;6176;http://www.gibdd.ru/r/52/accident/949096/
2014-08-10;25;5;29;181;5633;103;4332;http://www.gibdd.ru/r/52/accident/945681/
2014-08-09;19;1;27;190;5491;90;4168;http://www.gibdd.ru/r/52/accident/945674/
2014-08-08;16;1;22;228;6703;45;5313;http://www.gibdd.ru/r/52/accident/945657/
2014-08-07;12;3;12;268;6538;47;4475;http://www.gibdd.ru/r/52/accident/939482/
2014-08-06;18;3;18;275;8022;76;6193;http://www.gibdd.ru/r/52/accident/935776/
2014-08-05;17;0;24;279;6683;50;5473;http://www.gibdd.ru/r/52/accident/932153/
2014-08-04;20;5;28;251;7156;88;5698;http://www.gibdd.ru/r/52/accident/928562/
2014-08-03;25;1;36;158;5983;132;4552;http://www.gibdd.ru/r/52/accident/924823/
2014-08-02;24;2;43;179;4559;72;3402;http://www.gibdd.ru/r/52/accident/923844/
2014-08-01;19;1;23;283;6522;54;4632;http://www.gibdd.ru/r/52/accident/923843/
2014-07-31;18;3;35;283;7630;61;6108;http://www.gibdd.ru/r/52/accident/919799/
2014-07-30;16;1;19;293;7803;78;2181;http://www.gibdd.ru/r/52/accident/919785/
2014-07-29;15;0;19;279;7328;63;5624;http://www.gibdd.ru/r/52/accident/911832/
2014-07-28;21;0;23;265;8807;78;7345;http://www.gibdd.ru/r/52/accident/908270/
2014-07-27;22;4;28;179;5841;89;4421;http://www.gibdd.ru/r/52/accident/904591/
2014-07-26;12;0;16;193;4605;106;3149;http://www.gibdd.ru/r/52/accident/904581/
2014-07-25;24;2;26;294;5785;43;4106;http://www.gibdd.ru/r/52/accident/904574/
2014-07-24;20;1;23;241;8821;64;6617;http://www.gibdd.ru/r/52/accident/898296/
2014-07-23;12;2;13;234;9375;55;7571;http://www.gibdd.ru/r/52/accident/893828/
2014-07-22;18;1;23;273;4485;45;2847;http://www.gibdd.ru/r/52/accident/890329/
2014-07-21;17;1;18;299;9594;77;8062;http://www.gibdd.ru/r/52/accident/886244/
2014-07-20;30;4;38;182;6068;124;4553;http://www.gibdd.ru/r/52/accident/882643/
2014-07-19;17;1;27;232;5726;106;2624;http://www.gibdd.ru/r/52/accident/881119/
2014-07-18;16;3;18;224;5673;61;4423;http://www.gibdd.ru/r/52/accident/881116/
2014-07-17;31;4;41;315;9699;53;7979;http://www.gibdd.ru/r/52/accident/877689/
2014-07-16;14;1;15;304;6173;50;3747;http://www.gibdd.ru/r/52/accident/873666/
2014-07-15;17;2;17;247;8246;57;6717;http://www.gibdd.ru/r/52/accident/869806/
2014-07-14;15;1;18;260;6021;75;7643;http://www.gibdd.ru/r/52/accident/866728/
2014-07-13;14;4;19;195;5132;123;3868;http://www.gibdd.ru/r/52/accident/862493/
2014-07-12;24;4;30;227;5803;92;4595;http://www.gibdd.ru/r/52/accident/862483/
2014-07-11;19;1;21;245;8532;49;7020;http://www.gibdd.ru/r/52/accident/862478/
2014-07-10;10;1;13;253;10329;43;8642;http://www.gibdd.ru/r/52/accident/856573/
2014-07-09;21;0;23;290;6891;51;5373;http://www.gibdd.ru/r/52/accident/852527/
2014-07-08;20;1;25;321;4297;55;2990;http://www.gibdd.ru/r/52/accident/848167/
2014-07-07;20;0;22;243;8952;84;7454;http://www.gibdd.ru/r/52/accident/844115/
2014-07-06;24;1;33;153;6428;103;5326;http://www.gibdd.ru/r/52/accident/840593/
2014-07-05;22;1;25;238;5507;67;4364;http://www.gibdd.ru/r/52/accident/840587/
2014-07-04;17;1;26;275;8067;52;7693;http://www.gibdd.ru/r/52/accident/840578/
2014-07-03;20;1;28;232;7641;54;5459;http://www.gibdd.ru/r/52/accident/834321/
2014-07-02;19;0;25;257;10510;55;9020;http://www.gibdd.ru/r/52/accident/831490/
2014-07-01;22;0;23;314;8689;52;7387;http://www.gibdd.ru/r/52/accident/827061/
2014-06-30;13;1;26;217;7982;97;6593;http://www.gibdd.ru/r/52/accident/822995/
2014-06-29;16;8;16;217;5128;141;3757;http://www.gibdd.ru/r/52/accident/820549/
2014-06-28;15;0;25;226;3924;104;2585;http://www.gibdd.ru/r/52/accident/820535/
2014-06-27;21;0;28;308;7011;55;5602;http://www.gibdd.ru/r/52/accident/820518/
2014-06-26;15;4;29;302;8808;66;7311;http://www.gibdd.ru/r/52/accident/815463/
2014-06-25;26;2;26;265;7902;49;6219;http://www.gibdd.ru/r/52/accident/811331/
2014-06-24;21;1;23;287;8291;58;6946;http://www.gibdd.ru/r/52/accident/807927/
2014-06-23;10;1;11;367;9500;79;7993;http://www.gibdd.ru/r/52/accident/804082/
2014-06-21;22;2;0;222;6490;82;5508;http://www.gibdd.ru/r/52/accident/800501/
2014-06-22;12;1;0;183;5962;89;4863;http://www.gibdd.ru/r/52/accident/800512/
2014-06-20;22;1;29;282;5676;61;4208;http://www.gibdd.ru/r/52/accident/800490/
2014-06-19;18;1;21;276;9920;54;9141;http://www.gibdd.ru/r/52/accident/794194/
2014-06-18;18;0;22;274;7507;56;6393;http://www.gibdd.ru/r/52/accident/790115/
2014-06-17;22;3;23;217;9001;44;7525;http://www.gibdd.ru/r/52/accident/782142/
2014-06-16;17;4;20;241;11830;61;10419;http://www.gibdd.ru/r/52/accident/782140/
2014-06-15;16;1;22;190;6739;88;5576;http://www.gibdd.ru/r/52/accident/780147/
2014-06-14;26;1;36;164;6830;120;5429;http://www.gibdd.ru/r/52/accident/780133/
2014-06-13;18;2;25;148;4717;112;3425;http://www.gibdd.ru/r/52/accident/780122/
2014-06-12;16;4;24;138;5243;69;3903;http://www.gibdd.ru/r/52/accident/780114/
2014-06-11;16;0;19;312;9987;52;8333;http://www.gibdd.ru/r/52/accident/780109/
2014-06-10;22;4;24;299;5223;51;3662;http://www.gibdd.ru/r/52/accident/773645/
2014-06-09;10;1;12;265;9790;103;8244;http://www.gibdd.ru/r/52/accident/769399/
2014-06-08;27;0;36;168;7031;138;5397;http://www.gibdd.ru/r/52/accident/767172/
2014-06-07;26;0;30;260;6196;109;4780;http://www.gibdd.ru/r/52/accident/767162/
2014-06-06;17;1;20;253;8161;65;6595;http://www.gibdd.ru/r/52/accident/764640/
2014-06-05;17;1;18;260;9030;58;7628;http://www.gibdd.ru/r/52/accident/760685/
2014-06-04;12;0;21;265;8021;63;6455;http://www.gibdd.ru/r/52/accident/757565/
2014-06-03;17;2;18;296;8767;66;7359;http://www.gibdd.ru/r/52/accident/753780/
2014-06-02;21;2;31;286;9206;91;7694;http://www.gibdd.ru/r/52/accident/750086/
2014-06-01;22;0;34;182;6181;93;5366;http://www.gibdd.ru/r/52/accident/746836/
2014-05-31;21;2;23;209;6813;106;5560;http://www.gibdd.ru/r/52/accident/746833/
2014-05-30;24;1;25;315;6970;77;5538;http://www.gibdd.ru/r/52/accident/746829/
2014-05-29;23;0;24;288;7922;60;6424;http://www.gibdd.ru/r/52/accident/741583/
2014-05-28;15;1;17;292;10230;44;8525;http://www.gibdd.ru/r/52/accident/737973/
2014-05-27;16;1;19;242;9222;51;7477;http://www.gibdd.ru/r/52/accident/735004/
2014-05-26;22;1;25;281;10402;104;8809;http://www.gibdd.ru/r/52/accident/731144/
2014-05-25;31;0;41;189;7201;128;6011;http://www.gibdd.ru/r/52/accident/727453/
2014-05-24;14;2;16;246;6772;100;5383;http://www.gibdd.ru/r/52/accident/725958/
2014-05-23;14;1;24;246;7268;78;5925;http://www.gibdd.ru/r/52/accident/725957/
2014-05-22;18;0;22;302;9966;52;8566;http://www.gibdd.ru/r/52/accident/725954/
2014-05-21;15;0;16;274;11694;48;10003;http://www.gibdd.ru/r/52/accident/725952/
2014-05-20;16;2;17;274;11838;63;10308;http://www.gibdd.ru/r/52/accident/725948/
2014-05-19;18;1;18;266;5774;81;4430;http://www.gibdd.ru/r/52/accident/716759/
2014-05-16;20;1;21;357;7686;68;6388;http://www.gibdd.ru/r/52/accident/713696/
2014-05-15;23;0;27;266;9793;53;8356;http://www.gibdd.ru/r/52/accident/708163/
2014-05-13;12;1;13;267;11581;45;10500;http://www.gibdd.ru/r/52/accident/700828/
2014-05-12;14;0;16;344;11580;82;10377;http://www.gibdd.ru/r/52/accident/697628/
2014-05-11;18;1;23;168;6958;109;5426;http://www.gibdd.ru/r/52/accident/695620/
2014-05-10;11;1;11;151;5645;143;4521;http://www.gibdd.ru/r/52/accident/695617/
2014-05-09;21;4;21;170;6728;96;5667;http://www.gibdd.ru/r/52/accident/695610/
2014-05-08;17;0;19;258;11048;49;9790;http://www.gibdd.ru/r/52/accident/695601/
2014-05-07;16;2;17;243;11099;49;9789;http://www.gibdd.ru/r/52/accident/688796/
2014-05-06;13;1;23;209;11764;53;10577;http://www.gibdd.ru/r/52/accident/685607/
2014-05-05;11;1;11;246;11801;63;10502;http://www.gibdd.ru/r/52/accident/682628/
2014-05-04;10;0;12;156;6894;90;5478;http://www.gibdd.ru/r/52/accident/682620/
2014-05-03;15;2;23;185;6755;99;5472;http://www.gibdd.ru/r/52/accident/677926/
2014-05-02;27;3;43;202;6900;115;5535;http://www.gibdd.ru/r/52/accident/677140/
2014-05-01;15;3;19;166;6926;82;5209;http://www.gibdd.ru/r/52/accident/677139/
2014-04-30;19;1;22;316;11086;63;9692;http://www.gibdd.ru/r/52/accident/677135/
2014-04-29;16;1;20;357;6483;60;5015;http://www.gibdd.ru/r/52/accident/672943/
2014-04-28;21;1;24;259;8863;67;7569;http://www.gibdd.ru/r/52/accident/670375/
2014-04-24;8;0;8;266;8036;49;6658;http://www.gibdd.ru/r/52/accident/667670/
2014-04-23;12;0;14;265;9451;47;8075;http://www.gibdd.ru/r/52/accident/667654/
2014-04-27;17;0;25;207;6783;108;5523;http://www.gibdd.ru/r/52/accident/667700/
2014-04-26;17;4;24;221;6773;80;5601;http://www.gibdd.ru/r/52/accident/667684/
2014-04-25;13;1;16;245;8684;62;7355;http://www.gibdd.ru/r/52/accident/667676/
2014-04-22;15;1;21;249;8961;47;7598;http://www.gibdd.ru/r/52/accident/655920/
2014-04-21;17;1;17;253;8179;109;6817;http://www.gibdd.ru/r/52/accident/653027/
2014-04-20;19;1;23;197;7148;128;6220;http://www.gibdd.ru/r/52/accident/650328/
2014-04-19;16;1;20;270;6768;90;5459;http://www.gibdd.ru/r/52/accident/650324/
2014-04-18;13;4;14;279;7891;50;6316;http://www.gibdd.ru/r/52/accident/648103/
2014-04-17;15;0;16;264;10058;60;8383;http://www.gibdd.ru/r/52/accident/646064/
2014-04-16;10;1;11;267;10047;68;8524;http://www.gibdd.ru/r/52/accident/643123/
2014-04-15;16;1;17;249;7707;47;6314;http://www.gibdd.ru/r/52/accident/640187/
2014-04-14;17;1;18;207;7122;72;5514;http://www.gibdd.ru/r/52/accident/637193/
2014-04-13;20;2;21;197;7035;125;5578;http://www.gibdd.ru/r/52/accident/635191/
2014-04-12;14;2;16;238;6752;92;5453;http://www.gibdd.ru/r/52/accident/635183/
2014-04-11;6;0;6;270;8734;59;7303;http://www.gibdd.ru/r/52/accident/635180/
2014-04-10;8;1;9;251;10059;51;8587;http://www.gibdd.ru/r/52/accident/635174/
2014-04-09;14;2;13;272;9204;48;7632;http://www.gibdd.ru/r/52/accident/628502/
2014-04-08;13;4;17;285;9973;54;8436;http://www.gibdd.ru/r/52/accident/625605/
2014-04-07;7;0;9;240;10554;88;9075;http://www.gibdd.ru/r/52/accident/622711/
2014-04-06;8;0;11;170;7093;125;5553;http://www.gibdd.ru/r/52/accident/620051/
2014-04-05;22;1;26;258;7296;104;5874;http://www.gibdd.ru/r/52/accident/620048/
2014-04-04;23;1;29;252;8827;59;7411;http://www.gibdd.ru/r/52/accident/620045/
2014-04-03;7;1;10;231;8599;53;7298;http://www.gibdd.ru/r/52/accident/615112/
2014-04-02;6;1;5;236;8956;50;7287;http://www.gibdd.ru/r/52/accident/611972/
2014-04-01;10;1;9;254;9373;51;7775;http://www.gibdd.ru/r/52/accident/609885/
2014-03-31;9;1;17;254;9083;63;6423;http://www.gibdd.ru/r/52/accident/606768/
2014-03-30;14;1;0;195;7130;103;5473;http://www.gibdd.ru/r/52/accident/604450/
2014-03-28;6;2;4;225;6964;107;5318;http://www.gibdd.ru/r/52/accident/604448/
2014-03-28;7;0;9;262;7487;58;5825;http://www.gibdd.ru/r/52/accident/602148/
2014-03-27;17;1;22;290;9374;53;7503;http://www.gibdd.ru/r/52/accident/600554/
2014-03-26;12;1;23;257;8832;54;7022;http://www.gibdd.ru/r/52/accident/598038/
2014-03-25;4;0;5;236;9161;44;7331;http://www.gibdd.ru/r/52/accident/595710/
2014-03-24;3;0;3;277;8992;77;7291;http://www.gibdd.ru/r/52/accident/592406/
2014-03-23;15;0;19;200;5596;128;3881;http://www.gibdd.ru/r/52/accident/590144/
2014-03-22;18;0;19;221;5448;106;3817;http://www.gibdd.ru/r/52/accident/590136/
2014-03-21;10;1;13;268;5502;55;3528;http://www.gibdd.ru/r/52/accident/590132/
2014-03-20;22;2;24;315;7316;42;5404;http://www.gibdd.ru/r/52/accident/584926/
2014-03-19;10;0;11;293;8243;49;6463;http://www.gibdd.ru/r/52/accident/582489/
2014-03-18;6;0;6;260;8690;41;6779;http://www.gibdd.ru/r/52/accident/579348/
2014-03-17;11;0;13;382;8569;80;6676;http://www.gibdd.ru/r/52/accident/576332/
2014-03-16;7;0;9;315;7178;91;5485;http://www.gibdd.ru/r/52/accident/573029/
2014-03-15;9;0;11;257;5997;75;4404;http://www.gibdd.ru/r/52/accident/573024/
2014-02-14;13;0;13;283;7800;56;5949;http://www.gibdd.ru/r/52/accident/573016/
2014-02-13;7;0;7;237;8412;37;6431;http://www.gibdd.ru/r/52/accident/567813/
2014-03-12;15;1;16;237;9383;45;7564;http://www.gibdd.ru/r/52/accident/564929/
2014-02-11;11;0;14;278;8986;62;7191;http://www.gibdd.ru/r/52/accident/561788/
2014-03-10;8;0;14;257;7042;96;5333;http://www.gibdd.ru/r/52/accident/558965/
2014-03-09;13;0;20;188;7207;137;5648;http://www.gibdd.ru/r/52/accident/558418/
2014-03-08;8;2;6;233;6702;111;5061;http://www.gibdd.ru/r/52/accident/558074/
2014-03-07;17;1;19;332;7068;48;4880;http://www.gibdd.ru/r/52/accident/557649/
2014-03-06;8;0;11;254;10717;35;8925;http://www.gibdd.ru/r/52/accident/556123/
2014-03-05;11;0;13;270;10665;51;8760;http://www.gibdd.ru/r/52/accident/553759/
2014-03-04;10;2;13;277;6990;36;5061;http://www.gibdd.ru/r/52/accident/551306/
2014-03-03;16;1;21;254;5304;75;3903;http://www.gibdd.ru/r/52/accident/548615/
2014-03-02;10;1;14;173;3772;104;2495;http://www.gibdd.ru/r/52/accident/546344/
2014-03-01;5;2;10;219;4329;78;2996;http://www.gibdd.ru/r/52/accident/546342/
2014-02-28;16;0;20;274;7390;74;5715;http://www.gibdd.ru/r/52/accident/544063/
2014-02-27;1;6;1;216;5946;44;4203;http://www.gibdd.ru/r/52/accident/542213/
2014-02-26;13;1;13;260;7438;48;5740;http://www.gibdd.ru/r/52/accident/539670/
2014-02-25;12;1;13;231;6539;51;4644;http://www.gibdd.ru/r/52/accident/536982/
2014-02-24;14;1;18;235;4307;108;2761;http://www.gibdd.ru/r/52/accident/534435/
2014-02-23;14;1;15;212;3524;112;2193;http://www.gibdd.ru/r/52/accident/531621/
2014-02-22;7;0;9;341;4225;97;2797;http://www.gibdd.ru/r/52/accident/531613/
2014-02-21;8;1;12;346;3962;67;2377;http://www.gibdd.ru/r/52/accident/531609/
2014-02-20;5;1;5;229;4122;51;2202;http://www.gibdd.ru/r/52/accident/527449/
2014-02-19;13;0;13;234;4374;55;2553;http://www.gibdd.ru/r/52/accident/524796/
2014-02-18;8;0;16;311;3992;47;2257;http://www.gibdd.ru/r/52/accident/521449/
2014-02-17;11;1;17;229;4137;70;2649;http://www.gibdd.ru/r/52/accident/518307/
2014-02-16;15;2;18;186;3799;111;2420;http://www.gibdd.ru/r/52/accident/515144/
2014-02-15;15;2;20;237;3555;109;2229;http://www.gibdd.ru/r/52/accident/513825/
2014-02-14;11;1;15;298;3788;56;2346;http://www.gibdd.ru/r/52/accident/513784/
2014-02-13;6;1;6;268;3975;63;2287;http://www.gibdd.ru/r/52/accident/511054/
2014-02-12;15;0;23;254;3298;53;1641;http://www.gibdd.ru/r/52/accident/508326/
2014-02-11;16;7;16;242;3296;62;1703;http://www.gibdd.ru/r/52/accident/505159/
2014-02-10;5;0;5;266;4606;66;3070;http://www.gibdd.ru/r/52/accident/501961/
2014-02-09;6;5;10;177;2614;114;1130;http://www.gibdd.ru/r/52/accident/499041/
2014-02-08;14;0;15;215;4509;86;1546;http://www.gibdd.ru/r/52/accident/499032/
2014-02-07;16;2;21;289;4047;66;2231;http://www.gibdd.ru/r/52/accident/499028/
2014-02-06;14;1;17;285;5144;41;3332;http://www.gibdd.ru/r/52/accident/493962/
2014-02-05;17;0;18;283;7043;41;4793;http://www.gibdd.ru/r/52/accident/490918/
2014-02-04;16;1;22;328;4298;47;2581;http://www.gibdd.ru/r/52/accident/487730/
2014-02-03;13;2;13;264;4011;59;2225;http://www.gibdd.ru/r/52/accident/485317/
2014-02-02;7;1;11;163;2874;80;1574;http://www.gibdd.ru/r/52/accident/482376/
2014-02-01;14;0;18;257;2686;72;1359;http://www.gibdd.ru/r/52/accident/482370/
2014-01-31;10;1;10;301;2647;50;1134;http://www.gibdd.ru/r/52/accident/482363/
2014-01-29;8;0;8;306;3691;34;2063;http://www.gibdd.ru/r/52/accident/475235/
2014-01-28;7;0;8;349;3651;44;2159;http://www.gibdd.ru/r/52/accident/472502/
2014-01-27;15;0;17;337;4468;61;3329;http://www.gibdd.ru/r/52/accident/469238/
2014-01-26;15;1;18;268;3600;83;2012;http://www.gibdd.ru/r/52/accident/466614/
2014-01-25;13;0;16;256;3669;67;2440;http://www.gibdd.ru/r/52/accident/465177/
2014-01-24;9;0;9;340;2982;44;1708;http://www.gibdd.ru/r/52/accident/465175/
2014-01-23;9;1;12;300;4093;45;2427;http://www.gibdd.ru/r/52/accident/462433/
2014-01-22;10;0;11;342;2956;35;1329;http://www.gibdd.ru/r/52/accident/459917/
2014-01-21;10;0;17;319;4624;37;3142;http://www.gibdd.ru/r/52/accident/457044/
2014-01-20;9;2;9;282;3902;60;2513;http://www.gibdd.ru/r/52/accident/454323/
2014-01-19;15;3;21;233;2576;83;1202;http://www.gibdd.ru/r/52/accident/451791/
2014-01-18;10;0;12;312;1463;76;241;http://www.gibdd.ru/r/52/accident/451786/
2014-01-17;18;7;33;377;1472;37;208;http://www.gibdd.ru/r/52/accident/451780/
2014-01-06;10;1;15;349;2219;39;769;http://www.gibdd.ru/r/52/accident/447320/
2014-01-15;15;0;19;349;2982;38;1119;http://www.gibdd.ru/r/52/accident/444736/
2014-01-14;14;0;15;380;4064;47;3445;http://www.gibdd.ru/r/52/accident/442033/
2014-01-13;16;1;16;273;4731;60;3251;http://www.gibdd.ru/r/52/accident/439845/
2014-01-12;5;2;6;160;3829;61;2562;http://www.gibdd.ru/r/52/accident/437697/
2014-01-11;17;5;21;199;3389;43;2083;http://www.gibdd.ru/r/52/accident/437687/
2014-01-10;7;1;6;212;4881;40;3979;http://www.gibdd.ru/r/52/accident/437678/
2014-01-09;11;1;16;219;3879;42;2613;http://www.gibdd.ru/r/52/accident/433195/
2014-01-08;8;1;10;137;5113;52;4325;http://www.gibdd.ru/r/52/accident/433188/
2014-01-07;9;1;12;116;5085;47;3968;http://www.gibdd.ru/r/52/accident/430643/
2014-01-06;13;2;22;195;4231;48;3459;http://www.gibdd.ru/r/52/accident/429627/
2014-01-05;17;3;29;285;4523;67;3296;http://www.gibdd.ru/r/52/accident/428661/
2014-01-04;6;3;10;158;2086;61;941;http://www.gibdd.ru/r/52/accident/427740/
2014-12-03;11;1;15;141;6082;64;4971;http://www.gibdd.ru/r/52/accident/427081/
2014-01-02;12;0;19;107;3340;88;2601;http://www.gibdd.ru/r/52/accident/426495/
2014-01-01;19;2;25;87;2432;75;2360;http://www.gibdd.ru/r/52/accident/426115/
2013-12-31;20;3;26;188;3363;52;2555;http://www.gibdd.ru/r/52/accident/426109/
2013-12-30;19;3;23;312;3598;76;2576;http://www.gibdd.ru/r/52/accident/424848/
2013-12-29;8;0;10;189;3708;83;3028;http://www.gibdd.ru/r/52/accident/424432/
2013-12-28;20;6;18;231;4015;75;2905;http://www.gibdd.ru/r/52/accident/423765/
2013-12-27;14;2;14;300;3693;52;2541;http://www.gibdd.ru/r/52/accident/423763/
2013-12-26;18;0;21;299;4316;46;2623;http://www.gibdd.ru/r/52/accident/422444/
2013-12-25;18;2;17;325;3838;43;2440;http://www.gibdd.ru/r/52/accident/421481/
2013-12-24;18;1;18;363;4618;44;3661;http://www.gibdd.ru/r/52/accident/419756/
2013-12-21;12;0;17;325;2779;74;1523;http://www.gibdd.ru/r/52/accident/416096/
2013-12-20;7;0;8;265;1700;40;650;http://www.gibdd.ru/r/52/accident/416091/
2013-12-19;8;2;7;299;3160;45;1368;http://www.gibdd.ru/r/52/accident/413488/
2013-12-18;15;1;17;355;2258;36;698;http://www.gibdd.ru/r/52/accident/412201/
2013-12-17;21;3;24;409;2393;49;758;http://www.gibdd.ru/r/52/accident/411322/
2013-12-16;11;0;112;336;3358;51;1823;http://www.gibdd.ru/r/52/accident/410209/
2013-12-15;8;0;13;255;1600;81;0;http://www.gibdd.ru/r/52/accident/408157/
2013-12-14;17;5;23;273;1466;45;268;http://www.gibdd.ru/r/52/accident/407357/
2013-12-13;15;0;16;336;1509;44;222;http://www.gibdd.ru/r/52/accident/407356/
2013-12-12;12;1;16;391;1696;45;402;http://www.gibdd.ru/r/52/accident/405305/
2013-12-11;8;0;9;363;1833;31;343;http://www.gibdd.ru/r/52/accident/403633/
2013-12-10;12;1;13;410;1652;43;314;http://www.gibdd.ru/r/52/accident/401859/
2013-12-09;19;4;19;442;1827;60;480;http://www.gibdd.ru/r/52/accident/400845/
2013-12-08;12;0;18;260;2865;78;485;http://www.gibdd.ru/r/52/accident/399114/
2013-12-07;17;2;22;311;1912;100;503;http://www.gibdd.ru/r/52/accident/399105/
2013-12-06;16;1;26;341;2736;53;1181;http://www.gibdd.ru/r/52/accident/399097/
2013-12-05;14;11;15;410;1719;47;268;http://www.gibdd.ru/r/52/accident/396225/
2013-12-04;14;0;14;308;2580;43;936;http://www.gibdd.ru/r/52/accident/395470/
2013-12-03;11;0;12;333;3249;52;1717;http://www.gibdd.ru/r/52/accident/393170/
2013-12-02;21;5;33;336;3099;53;1708;http://www.gibdd.ru/r/52/accident/391385/
2013-12-01;15;6;24;206;2865;93;1427;http://www.gibdd.ru/r/52/accident/389853/
2013-11-30;12;1;19;250;3225;80;1720;http://www.gibdd.ru/r/52/accident/389811/
2013-11-29;19;6;19;313;4079;45;2650;http://www.gibdd.ru/r/52/accident/389803/
2013-11-28;8;0;9;398;2199;50;638;http://www.gibdd.ru/r/52/accident/387290/
2013-11-27;25;2;28;236558;4766;46;3335;http://www.gibdd.ru/r/52/accident/385861/
2013-11-26;26;4;32;308;5139;44;3744;http://www.gibdd.ru/r/52/accident/383711/
2013-11-25;13;0;15;233;5034;72;3287;http://www.gibdd.ru/r/52/accident/381748/
2013-11-24;14;1;15;213;2628;90;1110;http://www.gibdd.ru/r/52/accident/379614/
2013-11-23;16;1;25;236;2828;95;1191;http://www.gibdd.ru/r/52/accident/379608/
2013-11-20;4;0;6;336;4711;47;3118;http://www.gibdd.ru/r/52/accident/379601/
2013-11-21;10;1;12;251;5011;52;3420;http://www.gibdd.ru/r/52/accident/376759/
2013-11-20;14;3;12;279;5961;51;4346;http://www.gibdd.ru/r/52/accident/374413/
2013-11-19;12;1;13;232;2210;48;681;http://www.gibdd.ru/r/52/accident/372249/
2013-11-18;12;2;13;282;5685;56;4237;http://www.gibdd.ru/r/52/accident/370363/
2013-11-17;13;2;15;246;3640;79;2105;http://www.gibdd.ru/r/52/accident/368447/
2013-11-16;11;2;15;270;3544;78;1893;http://www.gibdd.ru/r/52/accident/368435/
2013-11-15;11;0;13;285;5005;53;3523;http://www.gibdd.ru/r/52/accident/368425/
2013-11-14;26;5;26;320;4965;47;3784;http://www.gibdd.ru/r/52/accident/366488/
2013-11-13;20;3;18;301;4711;44;3591;http://www.gibdd.ru/r/52/accident/366468/
2013-11-12;12;1;11;280;6505;40;4970;http://www.gibdd.ru/r/52/accident/363276/
2013-11-11;16;2;23;267;7184;68;5678;http://www.gibdd.ru/r/52/accident/361236/
2013-11-10;20;6;22;211;3575;90;2135;http://www.gibdd.ru/r/52/accident/360213/
2013-11-09;19;2;31;227;3494;70;2119;http://www.gibdd.ru/r/52/accident/360212/
2013-11-08;31;4;32;334;6821;45;5334;http://www.gibdd.ru/r/52/accident/358438/
2013-11-07;23;0;24;305;5856;48;4253;http://www.gibdd.ru/r/52/accident/357571/
2013-11-06;17;1;17;312;4749;46;3239;http://www.gibdd.ru/r/52/accident/355451/
2013-11-05;26;5;25;236;4724;51;3255;http://www.gibdd.ru/r/52/accident/353303/
2013-11-04;15;1;21;221;2980;71;1636;http://www.gibdd.ru/r/52/accident/352433/
2013-11-03;12;4;20;228;3058;106;1612;http://www.gibdd.ru/r/52/accident/351616/
2013-11-02;16;5;18;258;2579;75;1115;http://www.gibdd.ru/r/52/accident/351615/
2013-11-01;21;1;21;319;4304;40;2656;http://www.gibdd.ru/r/52/accident/350327/
2013-10-31;23;3;24;322;4516;50;3325;http://www.gibdd.ru/r/52/accident/348850/
2013-10-30;19;1;22;369;5427;40;4177;http://www.gibdd.ru/r/52/accident/347088/
2013-10-29;20;2;19;3109;5196;58;3781;http://www.gibdd.ru/r/52/accident/344990/
2013-10-28;22;1;26;274;6503;70;5260;http://www.gibdd.ru/r/52/accident/343032/
2013-10-27;27;3;31;231;3572;106;2480;http://www.gibdd.ru/r/52/accident/341575/
2013-10-26;24;1;30;257;3550;104;2312;http://www.gibdd.ru/r/52/accident/340721/
2013-10-25;22;3;25;346;4927;54;3427;http://www.gibdd.ru/r/52/accident/340210/
2013-10-24;10;3;14;286;6919;53;5072;http://www.gibdd.ru/r/52/accident/338650/
2013-10-23;19;0;24;293;7451;47;6057;http://www.gibdd.ru/r/52/accident/337483/
2013-10-22;12;0;16;306;8344;42;7127;http://www.gibdd.ru/r/52/accident/335715/
2013-10-21;18;1;25;306;7833;55;5852;http://www.gibdd.ru/r/52/accident/333975/
2013-10-20;16;1;21;273;2154;74;983;http://www.gibdd.ru/r/52/accident/332295/
2013-10-19;23;3;39;289;3696;84;2474;http://www.gibdd.ru/r/52/accident/331454/
2013-10-18;12;0;13;312;7294;43;6139;http://www.gibdd.ru/r/52/accident/331453/
2013-10-17;28;4;29;372;7210;44;5936;http://www.gibdd.ru/r/52/accident/329023/
2013-10-16;16;1;18;335;7281;42;5963;http://www.gibdd.ru/r/52/accident/327316/
2013-10-15;17;0;19;325;7761;35;6667;http://www.gibdd.ru/r/52/accident/325527/
2013-10-14;16;0;18;329;8219;67;7284;http://www.gibdd.ru/r/52/accident/323797/
2013-10-13;25;3;27;273;3441;89;2468;http://www.gibdd.ru/r/52/accident/322009/
2013-10-12;20;4;20;323;2244;83;1224;http://www.gibdd.ru/r/52/accident/321991/
2013-10-11;15;2;15;363;6993;45;6171;http://www.gibdd.ru/r/52/accident/320640/
2013-10-10;29;2;42;395;6993;36;5712;http://www.gibdd.ru/r/52/accident/318996/
2013-10-09;31;2;36;386;7054;42;5777;http://www.gibdd.ru/r/52/accident/317103/
2013-10-08;22;1;26;313;6949;47;5748;http://www.gibdd.ru/r/52/accident/314650/
2013-10-07;19;3;26;310;5839;53;4721;http://www.gibdd.ru/r/52/accident/312468/
2013-10-06;18;2;26;251;3029;70;2077;http://www.gibdd.ru/r/52/accident/310409/
2013-10-05;23;3;25;257;3113;86;2083;http://www.gibdd.ru/r/52/accident/310389/
2013-10-04;19;4;19;290;5737;50;4393;http://www.gibdd.ru/r/52/accident/310378/
2013-10-03;17;1;19;310;5090;47;3896;http://www.gibdd.ru/r/52/accident/306459/
2013-10-02;9;2;7;335;5114;46;3917;http://www.gibdd.ru/r/52/accident/303838/
2013-10-01;14;0;15;334;5061;39;3943;http://www.gibdd.ru/r/52/accident/301329/
2013-09-30;15;1;20;368;4324;65;2969;http://www.gibdd.ru/r/52/accident/299282/
2013-09-29;18;0;28;249;3389;75;2275;http://www.gibdd.ru/r/52/accident/296748/
2013-09-28;21;1;28;301;2154;79;1395;http://www.gibdd.ru/r/52/accident/296746/
2013-09-27;17;4;16;344;4509;50;2994;http://www.gibdd.ru/r/52/accident/294825/
2013-09-26;15;0;22;294;5278;47;3976;http://www.gibdd.ru/r/52/accident/294823/
none;17;0;27;379;3320;45;1976;http://www.gibdd.ru/r/52/accident/289991/
2013-09-24;14;0;14;413;2856;47;1511;http://www.gibdd.ru/r/52/accident/287540/
2013-09-23;21;0;25;326;2223;60;2060;http://www.gibdd.ru/r/52/accident/284683/
2013-09-22;26;4;38;258;2223;70;1250;http://www.gibdd.ru/r/52/accident/282069/
2013-09-21;20;2;22;329;2712;62;1633;http://www.gibdd.ru/r/52/accident/280645/
2013-09-20;25;1;28;330;3358;49;2305;http://www.gibdd.ru/r/52/accident/280643/
2013-09-19;16;1;21;329;3508;54;2327;http://www.gibdd.ru/r/52/accident/277855/
2013-09-18;17;4;19;366;3685;46;2402;http://www.gibdd.ru/r/52/accident/275451/
2013-09-17;14;0;22;315;3352;51;2003;http://www.gibdd.ru/r/52/accident/273100/
2013-09-16;30;7;36;335;3226;66;2071;http://www.gibdd.ru/r/52/accident/270648/
2013-09-15;20;4;3;218;2016;82;1140;http://www.gibdd.ru/r/52/accident/267640/
2013-09-14;20;2;21;235;2097;67;1135;http://www.gibdd.ru/r/52/accident/266374/
2013-09-13;30;5;32;300;3143;49;1900;http://www.gibdd.ru/r/52/accident/266365/
2013-09-12;15;0;16;334;3099;55;1401;http://www.gibdd.ru/r/52/accident/263034/
2013-09-11;4;0;4;249;3099;42;1843;http://www.gibdd.ru/r/52/accident/260524/
2013-09-10;10;0;15;307;3483;40;1946;http://www.gibdd.ru/r/52/accident/258240/
2013-09-09;18;3;22;304;3181;50;2100;http://www.gibdd.ru/r/52/accident/255593/
2013-09-08;19;3;30;220;2108;64;1118;http://www.gibdd.ru/r/52/accident/253302/
2013-09-07;16;1;15;361;2342;74;1267;http://www.gibdd.ru/r/52/accident/253169/
2013-09-06;20;2;25;402;2268;43;1252;http://www.gibdd.ru/r/52/accident/253092/
2013-09-05;22;2;26;359;1927;49;1716;http://www.gibdd.ru/r/52/accident/248962/
2013-09-04;19;2;25;313;2475;47;2080;http://www.gibdd.ru/r/52/accident/246930/
2013-09-03;20;1;23;305;2303;46;1959;http://www.gibdd.ru/r/52/accident/244028/
2013-09-02;19;1;19;292;2292;63;1558;http://www.gibdd.ru/r/52/accident/241290/
2013-09-01;18;2;20;209;2278;65;1395;http://www.gibdd.ru/r/52/accident/239841/
2013-08-31;28;6;29;278;2319;73;1226;http://www.gibdd.ru/r/52/accident/239826/
2013-08-30;18;1;22;311;2377;46;1717;http://www.gibdd.ru/r/52/accident/239810/
2013-08-29;25;3;26;314;2385;51;1531;http://www.gibdd.ru/r/52/accident/234796/
2013-08-28;14;0;19;322;2477;49;1491;http://www.gibdd.ru/r/52/accident/232413/
2013-08-27;19;3;26;330;2688;42;1723;http://www.gibdd.ru/r/52/accident/230063/
2013-08-26;25;1;34;183;2335;74;1525;http://www.gibdd.ru/r/52/accident/227606/
2013-08-25;15;3;15;267;2018;38;970;http://www.gibdd.ru/r/52/accident/225117/
2013-08-24;22;3;34;226;2546;101;1371;http://www.gibdd.ru/r/52/accident/225113/
2013-08-23;24;5;30;314;2479;44;1622;http://www.gibdd.ru/r/52/accident/223382/
2013-08-22;19;0;24;307;2330;55;1233;http://www.gibdd.ru/r/52/accident/221891/
2013-08-21;13;0;18;285;2411;51;1360;http://www.gibdd.ru/r/52/accident/218609/
2013-08-20;24;1;31;286;2515;51;1512;http://www.gibdd.ru/r/52/accident/216080/
2013-08-19;24;2;28;271;2679;84;1755;http://www.gibdd.ru/r/52/accident/213718/
2013-08-18;17;2;23;216;2741;83;1911;http://www.gibdd.ru/r/52/accident/211243/
2013-08-17;21;1;26;220;2816;85;1748;http://www.gibdd.ru/r/52/accident/211242/
2013-08-16;21;0;23;330;2693;53;1993;http://www.gibdd.ru/r/52/accident/211241/
2013-08-15;33;6;38;301;2396;61;1523;http://www.gibdd.ru/r/52/accident/207902/
2013-08-14;18;1;22;290;2354;50;1515;http://www.gibdd.ru/r/52/accident/205289/
2013-08-13;24;2;24;290;2445;53;1559;http://www.gibdd.ru/r/52/accident/203036/
2013-08-12;27;3;34;290;2278;67;1508;http://www.gibdd.ru/r/52/accident/200691/
2013-08-11;20;1;29;211;2314;96;1190;http://www.gibdd.ru/r/52/accident/198558/
2013-08-10;23;7;23;247;2252;81;1214;http://www.gibdd.ru/r/52/accident/198556/
2013-08-09;20;3;24;312;2366;53;1396;http://www.gibdd.ru/r/52/accident/198554/
2013-08-08;18;3;23;309;2439;36;1422;http://www.gibdd.ru/r/52/accident/195194/
2013-08-07;20;1;28;338;2175;43;1227;http://www.gibdd.ru/r/52/accident/193131/
2013-08-06;27;1;33;290;2272;57;1201;http://www.gibdd.ru/r/52/accident/190947/
2013-08-05;14;0;14;301;2093;56;1199;http://www.gibdd.ru/r/52/accident/189774/
2013-08-03;21;4;30;246;2080;75;895;http://www.gibdd.ru/r/52/accident/188444/
2013-08-04;31;1;53;204;2070;97;1011;http://www.gibdd.ru/r/52/accident/188452/
2013-08-02;36;2;34;267;1984;57;1043;http://www.gibdd.ru/r/52/accident/188435/
2013-08-01;15;3;15;267;2018;38;970;http://www.gibdd.ru/r/52/accident/185184/
2013-07-31;21;2;28;288;2202;49;1025;http://www.gibdd.ru/r/52/accident/183484/
2013-07-30;11;2;12;255;2154;53;1057;http://www.gibdd.ru/r/52/accident/181113/
2013-07-29;15;2;17;338;2333;68;909;http://www.gibdd.ru/r/52/accident/178892/
2013-07-28;27;5;37;207;2092;89;977;http://www.gibdd.ru/r/52/accident/176592/
2013-07-27;23;2;23;214;2301;81;1176;http://www.gibdd.ru/r/52/accident/176576/
2013-07-26;19;3;21;287;1972;48;898;http://www.gibdd.ru/r/52/accident/176569/
2013-07-25;16;2;21;312;2375;50;1184;http://www.gibdd.ru/r/52/accident/172495/
2013-07-24;17;3;21;294;2428;47;1096;http://www.gibdd.ru/r/52/accident/170227/
2013-07-23;18;0;19;328;2476;52;1233;http://www.gibdd.ru/r/52/accident/167180/
2013-07-22;15;1;28;298;2272;80;1118;http://www.gibdd.ru/r/52/accident/165393/
2013-07-21;26;2;36;203;2334;107;1335;http://www.gibdd.ru/r/52/accident/162730/
2013-07-20;24;9;39;237;2141;90;1225;http://www.gibdd.ru/r/52/accident/161809/
2013-07-19;21;2;24;319;2318;64;1258;http://www.gibdd.ru/r/52/accident/161741/
2013-07-18;20;1;26;251;2467;64;1461;http://www.gibdd.ru/r/52/accident/158824/
2013-07-17;13;5;10;260;2418;59;1255;http://www.gibdd.ru/r/52/accident/157306/
2013-07-16;14;0;19;289;2446;63;1287;http://www.gibdd.ru/r/52/accident/155657/
2013-07-15;18;0;23;324;2305;89;1440;http://www.gibdd.ru/r/52/accident/152965/
2013-07-14;20;2;27;185;2223;95;1355;http://www.gibdd.ru/r/52/accident/150649/
2013-07-13;20;1;27;209;2173;99;1120;http://www.gibdd.ru/r/52/accident/150641/
2013-07-12;23;1;28;281;2358;65;1139;http://www.gibdd.ru/r/52/accident/150630/
2013-07-11;19;0;21;292;2594;69;1493;http://www.gibdd.ru/r/52/accident/146752/